{
    "reward": 0.6975000000000008,
    "success_rate": 0.5999999999999999
}