{
    "reward": 0.360500000000001,
    "success_rate": 0.29999999999999993
}